,rdkit_P_PC1,rdkit_P_PC2,rdkit_P_PC3,rdkit_P_PC4
0,0.5953225056436312,0.26149426388184605,0.14318323047452275,2.2294413723560307e-32
