,rdkit_P_PC1,rdkit_P_PC2,rdkit_P_PC3,rdkit_P_PC4
0,1.611649050646782,6.002224546939777,-2.5061257443970075,-1.1934897514720433e-15
1,-4.386355530016176,1.315365453438556,4.58881163698435,8.396061623727746e-15
2,9.196096924751428,-3.2587137909994985,0.691110863716567,-1.6237011735142914e-15
3,-6.421390445382037,-4.058876209378829,-2.773796756303913,-5.6066262743570405e-15
